<?xml version="1.0" encoding="UTF-8"?>
<Configuration>
  <Appenders>
    <File name="FILEOUT" fileName="errors.log" append="false">
      <PatternLayout>
        <Pattern>%d{yyyyMMdd HH:mm:ss} %-5p [%t] %C{2} %F%L - %m%n</Pattern>
      </PatternLayout>
    </File>

    <Console name="STDOUT" target="SYSTEM_OUT">
      <PatternLayout pattern="%m%n"/>
    </Console>
  </Appenders>

  <Loggers>
    <Root level="debug">
      <AppenderRef ref="FILEOUT" level="debug"/>
      <AppenderRef ref="STDOUT" level="info"/>
    </Root>
  </Loggers>
  </Configuration>